{
    "root_group": {
        "path": "",
        "id": "d41d8cd98f00b204e9800998ecf8427e",
        "groups": {},
        "checks": {},
        "name": ""
    },
    "metrics": {
        "iteration_duration": {
            "avg": 1227.4403475062968,
            "min": 1187.1096,
            "med": 1218.075,
            "max": 1772.6761,
            "p(90)": 1241.71558,
            "p(95)": 1261.6891999999998
        },
        "http_req_blocked": {
            "min": 0,
            "med": 0,
            "max": 561.1999,
            "p(90)": 0,
            "p(95)": 0,
            "avg": 2.8886397984886645
        },
        "vus": {
            "max": 10,
            "value": 1,
            "min": 1
        },
        "http_req_failed": {
            "fails": 1985,
            "passes": 0,
            "value": 0
        },
        "vus_max": {
            "value": 10,
            "min": 10,
            "max": 10
        },
        "http_req_duration{expected_response:true}": {
            "p(90)": 230.32128,
            "p(95)": 243.61275999999998,
            "avg": 216.72559486146085,
            "min": 183.7115,
            "med": 209.9459,
            "max": 559.6234
        },
        "http_req_connecting": {
            "p(90)": 0,
            "p(95)": 0,
            "avg": 1.264903879093199,
            "min": 0,
            "med": 0,
            "max": 135.8282
        },
        "data_received": {
            "rate": 172258.8818252793,
            "count": 51746162
        },
        "http_req_tls_handshaking": {
            "p(90)": 0,
            "p(95)": 0,
            "avg": 1.455842871536524,
            "min": 0,
            "med": 0,
            "max": 162.9279
        },
        "http_req_sending": {
            "med": 0,
            "max": 13.035,
            "p(90)": 0,
            "p(95)": 0,
            "avg": 0.024815969773299754,
            "min": 0
        },
        "data_sent": {
            "count": 245325,
            "rate": 816.6675276088426
        },
        "http_req_waiting": {
            "max": 559.6234,
            "p(90)": 226.45754,
            "p(95)": 238.47068,
            "avg": 209.19042171284656,
            "min": 88.8187,
            "med": 206.5184
        },
        "http_req_receiving": {
            "min": 0,
            "med": 1.8683,
            "max": 332.7845,
            "p(90)": 12.391640000000006,
            "p(95)": 18.600919999999995,
            "avg": 7.510357178841313
        },
        "iterations": {
            "count": 1985,
            "rate": 6.607908049744431
        },
        "http_reqs": {
            "count": 1985,
            "rate": 6.607908049744431
        },
        "http_req_duration": {
            "avg": 216.72559486146085,
            "min": 183.7115,
            "med": 209.9459,
            "max": 559.6234,
            "p(90)": 230.32128,
            "p(95)": 243.61275999999998
        }
    }
}